"lga_code","lga_name","valid_n_2009","vulnerable_n_2009","vulnerable_pct_2009","valid_n_2012","vulnerable_n_2012","vulnerable_pct_2012","valid_n_2015","vulnerable_n_2015","vulnerable_pct_2015","valid_n_2018","vulnerable_n_2018","vulnerable_pct_2018","valid_n_2021","vulnerable_n_2021","vulnerable_pct_2021","valid_n_2024","vulnerable_n_2024","vulnerable_pct_2024"
"20110","Alpine",124,18,14.52,121,19,15.7,129,22,17.05,125,27,21.6,114,10,8.77,114,20,17.54
"20260","Ararat",120,24,20,129,23,17.83,110,26,23.64,118,35,29.66,118,32,27.12,107,41,38.32
"20570","Ballarat",975,201,20.62,1189,251,21.11,1207,265,21.96,1241,242,19.5,1308,283,21.64,1119,303,27.08
"20660","Banyule",1277,183,14.33,1407,240,17.06,1406,189,13.44,1428,207,14.5,1345,183,13.61,1152,190,16.49
"20740","Bass Coast",303,68,22.44,281,73,25.98,339,48,14.16,363,68,18.73,336,90,26.79,300,72,24
"20830","Baw Baw",456,102,22.37,474,97,20.46,590,118,20,555,112,20.18,645,155,24.03,644,164,25.47
"20910","Bayside (Vic.)",1133,118,10.41,1164,147,12.63,1154,116,10.05,1122,113,10.07,932,89,9.55,776,78,10.05
"21010","Benalla",140,31,22.14,167,52,31.14,149,49,32.89,119,28,23.53,113,24,21.24,126,38,30.16
"21110","Boroondara",1768,192,10.86,1667,159,9.54,1752,206,11.76,1648,210,12.74,1292,168,13,1074,182,16.95
"21180","Brimbank",2029,545,26.86,2172,599,27.58,2170,673,31.01,2405,630,26.2,2155,632,29.33,1771,493,27.84
"21270","Buloke",62,15,24.19,81,20,24.69,62,7,11.29,52,16,30.77,51,17,33.33,48,18,37.5
"21370","Campaspe",458,99,21.62,430,88,20.47,455,121,26.59,450,101,22.44,413,129,31.23,320,73,22.81
"21450","Cardinia",890,156,17.53,1177,203,17.25,1328,269,20.26,1610,295,18.32,1612,301,18.67,1607,376,23.4
"21610","Casey",3469,899,25.92,4023,886,22.02,4367,981,22.46,4989,1018,20.4,5315,1048,19.72,5268,1336,25.36
"21670","Central Goldfields",112,40,35.71,134,45,33.58,128,36,28.12,123,41,33.33,117,40,34.19,82,33,40.24
"21750","Colac Otway",241,57,23.65,259,58,22.39,255,68,26.67,253,59,23.32,243,49,20.16,183,66,36.07
"21830","Corangamite",194,36,18.56,216,51,23.61,178,39,21.91,203,43,21.18,169,41,24.26,119,21,17.65
"21890","Darebin",1331,269,20.21,1514,233,15.39,1568,250,15.94,1554,270,17.37,1199,189,15.76,1153,182,15.78
"22110","East Gippsland",382,107,28.01,468,109,23.29,513,109,21.25,477,107,22.43,406,98,24.14,285,85,29.82
"22170","Frankston",1397,351,25.13,1598,372,23.28,1640,342,20.85,1637,304,18.57,1621,321,19.8,1212,284,23.43
"22250","Gannawarra",75,14,18.67,112,17,15.18,94,27,28.72,96,12,12.5,115,22,19.13,104,25,24.04
"22310","Glen Eira",1283,185,14.42,1389,176,12.67,1504,212,14.1,1423,194,13.63,1369,209,15.27,1163,218,18.74
"22410","Glenelg",251,38,15.14,207,52,25.12,204,61,29.9,189,57,30.16,188,46,24.47,146,34,23.29
"22490","Golden Plains",275,40,14.55,283,45,15.9,332,47,14.16,301,53,17.61,344,77,22.38,268,75,27.99
"22620","Greater Bendigo",1066,246,23.08,1294,249,19.24,1348,281,20.85,1498,337,22.5,1272,303,23.82,1318,326,24.73
"22670","Greater Dandenong",1431,481,33.61,1560,578,37.05,1739,493,28.35,1822,504,27.66,1701,480,28.22,1526,440,28.83
"22750","Greater Geelong",2278,435,19.1,2437,455,18.67,2524,443,17.55,2744,583,21.25,2653,503,18.96,2543,569,22.38
"22830","Greater Shepparton",750,179,23.87,909,224,24.64,914,243,26.59,842,259,30.76,781,200,25.61,740,256,34.59
"22910","Hepburn",134,18,13.43,170,41,24.12,167,40,23.95,129,29,22.48,123,24,19.51,131,26,19.85
"22980","Hindmarsh",68,20,29.41,48,9,18.75,48,7,14.58,64,15,23.44,45,15,33.33,41,7,17.07
"23110","Hobsons Bay",891,188,21.1,960,181,18.85,1051,222,21.12,1115,217,19.46,1008,165,16.37,721,153,21.22
"23190","Horsham",223,41,18.39,247,57,23.08,254,64,25.2,241,56,23.24,234,52,22.22,198,54,27.27
"23270","Hume",1970,584,29.64,2360,641,27.16,2627,664,25.28,3109,900,28.95,3216,923,28.7,3070,943,30.72
"23350","Indigo",207,25,12.08,216,40,18.52,157,34,21.66,194,54,27.84,182,18,9.89,143,36,25.17
"23430","Kingston (Vic.)",1554,239,15.38,1751,296,16.9,1828,250,13.68,1783,292,16.38,1687,248,14.7,1432,234,16.34
"23670","Knox",1517,253,16.68,1594,248,15.56,1714,271,15.81,1579,258,16.34,1639,289,17.63,1244,221,17.77
"23810","Latrobe (Vic.)",853,223,26.14,764,207,27.09,773,227,29.37,909,256,28.16,809,210,25.96,698,202,28.94
"23940","Loddon",78,21,26.92,75,14,18.67,67,18,26.87,67,16,23.88,59,13,22.03,69,17,24.64
"24130","Macedon Ranges",522,76,14.56,603,115,19.07,616,83,13.47,638,103,16.14,628,96,15.29,523,53,10.13
"24210","Manningham",1169,166,14.2,1049,145,13.82,961,154,16.02,1179,225,19.08,1166,181,15.52,1103,171,15.5
"24250","Mansfield",53,2,3.77,87,11,12.64,95,14,14.74,82,8,9.76,75,5,6.67,68,11,16.18
"24330","Maribyrnong",667,168,25.19,790,147,18.61,923,174,18.85,929,153,16.47,820,126,15.37,767,169,22.03
"24410","Maroondah",1107,212,19.15,1198,178,14.86,1271,206,16.21,1261,225,17.84,1221,187,15.32,1123,164,14.6
"24600","Melbourne",274,76,27.74,377,97,25.73,444,101,22.75,590,123,20.85,620,128,20.65,615,147,23.9
"24650","Melton",1352,275,20.34,1641,343,20.9,2094,439,20.96,2380,489,20.55,2691,640,23.78,2470,727,29.43
"24780","Mildura",583,145,24.87,755,178,23.58,700,156,22.29,678,158,23.3,651,150,23.04,419,117,27.92
"24850","Mitchell",482,97,20.12,523,127,24.28,576,136,23.61,588,111,18.88,668,166,24.85,583,140,24.01
"24900","Moira",300,67,22.33,347,60,17.29,313,80,25.56,305,64,20.98,322,75,23.29,285,70,24.56
"24970","Monash",1585,307,19.37,1551,271,17.47,1862,282,15.15,2001,318,15.89,1700,259,15.24,1553,276,17.77
"25060","Moonee Valley",1111,117,10.53,1145,185,16.16,1091,174,15.95,1251,186,14.87,1110,149,13.42,855,125,14.62
"25150","Moorabool",347,55,15.85,385,60,15.58,354,76,21.47,402,47,11.69,419,92,21.96,406,86,21.18
"25250","Moreland",1297,275,21.2,1535,266,17.33,1605,332,20.69,1720,344,20,1487,296,19.91,1396,268,19.2
"25340","Mornington Peninsula",1645,383,23.28,1757,318,18.1,1792,336,18.75,1754,319,18.19,1542,230,14.92,1355,216,15.94
"25430","Mount Alexander",181,34,18.78,181,39,21.55,156,40,25.64,151,43,28.48,166,32,19.28,151,34,22.52
"25490","Moyne",213,37,17.37,251,34,13.55,233,25,10.73,190,26,13.68,207,35,16.91,178,33,18.54
"25620","Murrindindi",124,25,20.16,154,44,28.57,147,34,23.13,123,21,17.07,120,13,10.83,122,22,18.03
"25710","Nillumbik",793,96,12.11,805,83,10.31,753,88,11.69,704,77,10.94,566,72,12.72,630,83,13.17
"25810","Northern Grampians",126,37,29.37,113,12,10.62,93,20,21.51,104,15,14.42,81,27,33.33,81,22,27.16
"25900","Port Phillip",528,65,12.31,689,81,11.76,696,98,14.08,756,101,13.36,739,111,15.02,526,90,17.11
"25990","Pyrenees",57,10,17.54,70,22,31.43,63,10,15.87,72,13,18.06,68,13,19.12,46,6,13.04
"26080","Queenscliffe",NA,NA,NA,NA,NA,NA,NA,NA,NA,7,NA,NA,NA,NA,NA,22,NA,NA
"26170","South Gippsland",327,64,19.57,250,35,14,321,56,17.45,358,86,24.02,308,84,27.27,267,76,28.46
"26260","Southern Grampians",188,29,15.43,171,23,13.45,197,26,13.2,167,38,22.75,166,37,22.29,146,35,23.97
"26350","Stonnington",702,108,15.38,647,64,9.89,705,84,11.91,695,117,16.83,606,75,12.38,509,64,12.57
"26430","Strathbogie",84,19,22.62,93,14,15.05,101,16,15.84,84,13,15.48,108,23,21.3,81,15,18.52
"26490","Surf Coast",335,47,14.03,389,53,13.62,425,67,15.76,421,52,12.35,440,45,10.23,356,26,7.3
"26610","Swan Hill",261,61,23.37,276,58,21.01,287,82,28.57,293,79,26.96,221,57,25.79,211,45,21.33
"26670","Towong",65,18,27.69,57,10,17.54,60,15,25,58,14,24.14,43,10,23.26,55,13,23.64
"29399","Unincorporated Vic",NA,NA,NA,NA,NA,NA,NA,NA,NA,5,NA,NA,NA,NA,NA,0,NA,NA
"26700","Wangaratta",335,60,17.91,326,43,13.19,332,85,25.6,324,41,12.65,327,77,23.55,241,34,14.11
"26730","Warrnambool",399,80,20.05,379,56,14.78,422,79,18.72,342,46,13.45,364,64,17.58,365,80,21.92
"26810","Wellington",459,89,19.39,561,122,21.75,493,95,19.27,536,141,26.31,525,126,24,429,116,27.04
"26890","West Wimmera",48,9,18.75,34,0,0,59,14,23.73,40,11,27.5,31,9,29.03,43,3,6.98
"26980","Whitehorse",1558,211,13.54,1719,218,12.68,1610,216,13.42,1711,222,12.97,1553,242,15.58,1423,212,14.9
"27070","Whittlesea",1644,381,23.18,2073,451,21.76,2518,538,21.37,2853,583,20.43,2968,592,19.95,2583,549,21.25
"27170","Wodonga",434,105,24.19,480,110,22.92,521,113,21.69,584,135,23.12,557,119,21.36,505,139,27.52
"27260","Wyndham",1949,465,23.86,2561,640,24.99,3441,895,26.01,4376,997,22.78,4671,1017,21.77,4470,1133,25.35
"27350","Yarra",534,120,22.47,564,102,18.09,619,160,25.85,596,115,19.3,524,97,18.51,558,98,17.56
"27450","Yarra Ranges",1589,287,18.06,1852,314,16.95,1767,303,17.15,1731,338,19.53,1580,311,19.68,1543,285,18.47
"27630","Yarriambiack",69,20,28.99,77,21,27.27,81,24,29.63,55,16,29.09,59,12,20.34,44,11,25
