lga_code,lga_name,affordability_pct,affordability_trend,seifa_irsd,school_count,primary_Government,primary_Catholic,primary_Independent,secondary_Government,secondary_Catholic,secondary_Independent,offence_rate_per_100k,bulk_billing_rate,station_count,flat_1br_median,flat_2br_median,house_2br_median,house_3br_median,green_space_pct
20110,Alpine,0.385,0.321,1027.6127,11,8,1,0,3,1,0,4196.871246551,0.947583333,0,,,,485.0,0.1
20260,Ararat,0.69,0.1649999999999999,955.2148,12,9,1,0,2,1,0,13390.765053408,0.989916667,1,,340.0,365.0,430.0,0.2
20570,Ballarat,0.744,0.311,985.7094,47,25,11,4,6,3,3,11695.167888803,0.967416667,2,288.0,360.0,370.0,410.0,2.3
20660,Banyule,0.022,-0.013,1057.6847,40,21,8,3,6,3,2,8647.272150077,0.788666667,9,470.0,540.0,528.0,600.0,14.1
20740,Bass Coast,0.349,0.2229999999999999,992.8285,14,8,2,2,1,0,2,8622.420642796,0.951083333,0,,393.0,410.0,460.0,0.8
20830,Baw Baw,0.142,0.0299999999999999,1003.3215,35,24,4,2,4,1,2,8228.657786654,0.942666667,5,252.0,425.0,450.0,500.0,0.2
20910,Bayside,0.0,-0.003,1090.4066,26,11,7,4,3,1,4,5194.495141537,0.687916667,7,495.0,650.0,695.0,900.0,6.8
21010,Benalla,0.288,0.1479999999999999,968.4479,6,3,1,1,1,1,1,10557.262488267,0.91,1,,375.0,,450.0,0.2
21110,Boroondara,0.009,0.0039999999999999,1089.6164,52,20,11,12,6,3,13,5549.266705312,0.74025,14,470.0,600.0,688.0,850.0,9.5
21180,Brimbank,0.204,-0.076,912.4697,56,29,15,2,6,4,1,9437.794535767,0.957333333,8,330.0,400.0,450.0,500.0,9.2
21270,Buloke,0.9,-0.0999999999999999,975.049,9,5,3,0,5,0,0,4877.319616438,0.965583333,0,,,,,0.3
21370,Campaspe,0.299,-0.018,964.8686,22,14,5,0,4,2,0,10244.460275977,0.972166667,2,,400.0,410.0,480.0,0.3
21450,Cardinia,0.05,-0.088,1020.956,41,24,6,5,5,1,4,7195.137969305,0.978666667,9,,450.0,490.0,540.0,1.3
21610,Casey,0.027,-0.046,994.671,91,52,14,10,17,1,8,7425.913297655,0.978833333,6,340.0,480.0,500.0,550.0,6.6
21670,Central Goldfields,0.825,0.2179999999999999,897.5571,8,6,1,0,1,0,1,10449.926752395,0.991916667,2,,,,380.0,0.7
21750,Colac Otway,0.354,0.248,972.5866,16,11,3,0,3,1,0,8656.811895241,0.917583333,0,,370.0,,475.0,0.1
21830,Corangamite,0.595,0.126,984.5904,13,9,2,0,5,1,0,6284.738770807,0.873,2,,,350.0,420.0,0.1
21890,Darebin,0.017,-0.022,1018.3424,40,20,10,3,8,1,2,10706.178409165,0.767666667,13,420.0,530.0,580.0,680.0,16.7
22110,East Gippsland,0.393,0.139,963.3117,32,24,3,2,6,1,1,13055.139969891,0.975,1,320.0,365.0,400.0,460.0,0.1
22170,Frankston,0.016,-0.031,1003.1363,38,22,6,2,7,1,2,11894.19257804,0.92,4,385.0,490.0,500.0,575.0,7.3
22250,Gannawarra,0.8,-0.1169999999999999,952.4122,11,6,2,1,2,0,1,8293.911563449,0.98825,1,,,,375.0,0.3
22310,Glen Eira,0.012,0.003,1074.5926,33,14,5,9,4,1,8,4737.23415926,0.771666667,9,430.0,600.0,650.0,800.0,4.4
22410,Glenelg,0.554,0.13,952.2992,17,10,2,1,3,0,1,12431.338412828,0.9865,0,,305.0,,440.0,0.5
22490,Golden Plains,0.453,0.31,1039.9427,13,12,1,0,1,0,0,2987.999639755,0.94475,0,,,,480.0,0.4
22620,Greater Bendigo,0.234,0.045,984.9621,48,28,11,3,5,2,3,9633.823921868,0.9825,8,350.0,400.0,450.0,490.0,0.5
22670,Greater Dandenong,0.021,-0.076,886.6579,39,20,6,6,5,3,5,13138.966325418,0.983,5,360.0,470.0,505.0,570.0,6.7
22750,Greater Geelong,0.215,0.126,1007.331,80,42,15,8,11,5,7,8641.130495633,0.8195,8,340.0,435.0,440.0,500.0,1.8
22830,Greater Shepparton,0.292,-0.006,944.0409,38,26,6,3,1,2,4,14954.764124696,0.9425,3,310.0,400.0,400.0,480.0,0.7
22910,Hepburn,0.262,0.082,1006.2513,13,9,2,1,1,0,0,4750.192248855,0.97975,2,,,450.0,550.0,0.5
22980,Hindmarsh,0.947,0.0379999999999999,940.1014,7,4,1,1,3,0,1,6724.390116451,0.992666667,0,,,,320.0,0.1
23110,Hobsons Bay,0.029,-0.027,1020.6628,27,14,8,2,4,2,0,8123.369012717,0.880083333,10,410.0,500.0,540.0,630.0,11.4
23190,Horsham,0.467,-0.0279999999999999,990.0981,6,3,1,0,1,1,0,12946.819512062,0.987833333,0,,350.0,,450.0,0.3
23270,Hume,0.189,0.017,940.8164,67,35,13,7,10,3,7,8364.680569392,0.961166667,6,350.0,450.0,460.0,500.0,4.1
23350,Indigo,0.14,-0.0499999999999999,1029.4172,17,11,3,1,2,0,0,3341.087233231,0.847083333,1,,,,510.0,0.6
23430,Kingston,0.012,-0.002,1044.2596,43,23,9,4,5,2,3,7320.498515435,0.855916667,12,410.0,550.0,585.0,690.0,10.1
23670,Knox,0.017,-0.012,1042.169,46,27,8,4,6,1,5,6423.897529923,0.926333333,4,405.0,540.0,545.0,600.0,11.4
23810,Latrobe,0.496,0.0939999999999999,930.8179,33,22,7,0,3,1,0,17839.891251699,0.984916667,3,280.0,330.0,350.0,435.0,0.9
23940,Loddon,0.429,-0.446,948.104,8,7,1,0,4,0,0,6652.320170907,0.981916667,2,,,,,0.2
24130,Macedon Ranges,0.046,0.019,1062.8089,27,16,5,3,2,1,3,4801.251262961,0.968833333,7,,470.0,493.0,580.0,0.6
24210,Manningham,0.011,-0.003,1056.0811,28,15,6,1,4,2,1,3806.909439678,0.9095,0,493.0,600.0,550.0,680.0,10.0
24250,Mansfield,0.129,0.129,1027.6197,6,3,1,1,1,0,1,3664.368871297,0.6275,0,,,,550.0,0.1
24330,Maribyrnong,0.017,-0.0289999999999999,1009.717,19,8,6,0,3,1,1,13078.072240557,0.867583333,6,440.0,533.0,580.0,650.0,10.7
24410,Maroondah,0.019,-0.005,1041.0267,32,17,3,5,5,1,4,7514.917754416,0.869,4,410.0,520.0,550.0,630.0,11.8
24600,Melbourne,0.011,0.002,1016.6848,20,6,2,4,3,2,6,23997.767543112,0.774416667,15,570.0,730.0,678.0,900.0,16.4
24650,Melton,0.587,0.1309999999999999,985.1879,46,24,7,6,8,2,7,7219.397673523,0.966666667,5,360.0,425.0,400.0,450.0,3.7
24780,Mildura,0.37,-0.097,940.0018,30,18,4,3,8,1,3,14115.887234634,0.91925,0,278.0,350.0,375.0,490.0,0.3
24850,Mitchell,0.783,0.246,999.5476,17,11,3,0,3,2,0,9406.06346624,0.980666667,7,,398.0,393.0,433.0,0.3
24900,Moira,0.372,0.0409999999999999,958.2607,19,9,4,1,4,2,1,8887.169868521,0.955083333,0,,380.0,,460.0,0.3
24970,Monash,0.029,-0.004,1042.3084,49,25,9,2,9,4,2,7127.239987408,0.924333333,8,495.0,600.0,589.0,650.0,9.4
25060,Moonee Valley,0.016,-0.013,1040.7155,34,14,10,2,5,3,2,7876.16863939,0.811333333,6,450.0,525.0,610.0,700.0,9.2
25150,Moorabool,0.47,0.2339999999999999,1017.2339,18,12,4,1,1,0,1,8612.690457144,0.938083333,2,,355.0,375.0,480.0,0.4
25250,Moreland,0.026,0.0019999999999999,1026.5305,43,19,13,3,6,2,4,7770.662002632,0.815583333,13,450.0,540.0,600.0,695.0,9.2
25340,Mornington Peninsula,0.015,-0.001,1037.5384,46,28,7,4,6,1,4,7088.897307473,0.819,8,395.0,515.0,495.0,595.0,4.6
25430,Mount Alexander,0.117,0.015,1007.453,14,11,1,1,1,0,1,6929.792138447,0.991166667,1,,,445.0,510.0,0.9
25490,Moyne,0.217,-0.054,1028.9786,12,9,3,0,2,0,0,4069.821616818,0.853666667,0,,,,498.0,0.2
25620,Murrindindi,0.659,0.22,1004.6899,14,10,2,0,2,0,0,5638.570767575,0.946416667,0,,,,400.0,0.3
25710,Nillumbik,0.084,-0.0079999999999999,1092.8736,26,17,3,3,2,1,2,3681.477578014,0.767916667,4,345.0,515.0,,580.0,2.7
25810,Northern Grampians,0.511,-0.3169999999999999,951.3008,12,8,2,0,2,0,0,13475.101587762,0.98725,0,,,,420.0,0.3
25900,Port Phillip,0.006,0.002,1061.0157,19,8,3,3,4,1,3,13835.268108672,0.63475,2,485.0,650.0,750.0,1040.0,6.9
25990,Pyrenees,0.467,-0.1479999999999999,958.6909,9,8,0,0,1,0,0,6576.055030043,0.971583333,1,,,,,0.3
26080,Queenscliffe,0.0,0.0,1082.2432,3,2,1,0,0,0,0,2142.396280597,0.923363636,0,,,,,1.5
26170,South Gippsland,0.494,0.2249999999999999,1002.5887,22,13,2,1,4,1,1,8420.512805795,0.96725,0,,,395.0,435.0,0.3
26260,Southern Grampians,0.704,0.1949999999999999,993.7304,17,9,3,3,2,1,2,7661.92435477,0.971916667,0,,,,398.0,0.1
26350,Stonnington,0.013,0.004,1084.476,22,7,8,4,3,4,4,12012.245784253,0.625166667,15,500.0,675.0,763.0,1010.0,7.0
26430,Strathbogie,0.275,0.092,981.9918,8,5,2,0,1,0,0,5665.275698446,0.971083333,4,,,,475.0,0.4
26490,Surf Coast,0.104,0.077,1086.197,13,9,2,1,2,0,0,3149.359455332,0.851166667,1,,,498.0,600.0,0.6
26610,Swan Hill,0.377,-0.2149999999999999,940.6168,13,8,2,1,3,2,0,11053.70916451,0.981,1,240.0,340.0,,490.0,0.5
26670,Towong,0.667,0.267,1000.7691,10,7,2,0,2,0,0,3358.849524711,0.840166667,0,,,,,0.1
26700,Wangaratta,0.32,0.067,988.3513,21,15,3,1,1,1,1,9522.773136436,0.784583333,2,265.0,360.0,420.0,500.0,0.3
26730,Warrnambool,0.101,-0.0089999999999999,994.9478,14,6,4,1,2,1,1,10059.132964736,0.8745,2,318.0,420.0,430.0,550.0,3.1
26810,Wellington,0.44,0.152,972.9694,32,21,6,1,3,1,1,12111.140464753,0.974916667,3,,360.0,360.0,450.0,0.3
26890,West Wimmera,1.0,0.0,991.0073,5,4,1,0,3,0,0,4681.200135944,0.975416667,0,,,,,0.3
26980,Whitehorse,0.016,-0.0069999999999999,1042.6975,44,22,9,4,7,2,4,6384.159477753,0.880666667,6,450.0,600.0,580.0,650.0,11.2
27070,Whittlesea,0.175,0.0449999999999999,989.6036,60,31,14,3,12,2,5,7048.424645566,0.964916667,9,375.0,460.0,480.0,520.0,4.6
27170,Wodonga,0.132,-0.039,973.074,14,7,3,2,2,1,2,9334.083662194,0.828666667,1,290.0,415.0,385.0,525.0,3.1
27260,Wyndham,0.489,0.012,1005.5163,68,37,14,5,21,2,5,7001.145237889,0.984583333,6,420.0,410.0,420.0,460.0,3.9
27350,Yarra,0.017,0.011,1045.7414,27,13,3,4,6,2,2,15435.614067765,0.703916667,9,525.0,700.0,750.0,995.0,12.9
27450,Yarra Ranges,0.031,0.009,1041.2497,74,48,8,8,9,2,7,5163.582456959,0.909333333,5,370.0,530.0,550.0,605.0,0.9
27630,Yarriambiack,1.0,0.0999999999999999,945.9261,11,7,3,0,3,0,0,8068.642236924,0.992666667,0,,,,,0.2
