lga_code,lga_name,centroid_lat,centroid_lon,locality_name,locality_lat,locality_lon
20110,Alpine,-36.852955,146.973912,,,
20260,Ararat,-37.472370,142.843306,,,
20570,Ballarat,-37.492738,143.781385,,,
20660,Banyule,-37.730421,145.085156,,,
20740,Bass Coast,-38.507228,145.557989,,,
20830,Baw Baw,-37.983611,146.131875,,,
20910,Bayside,-37.941815,145.018152,,,
21010,Benalla,-36.586594,146.023695,,,
21110,Boroondara,-37.819267,145.063093,,,
21180,Brimbank,-37.747519,144.803314,,,
21270,Buloke,-35.911093,143.004104,,,
21370,Campaspe,-36.344718,144.715938,,,
21450,Cardinia,-38.082847,145.572678,,,
21610,Casey,-38.104246,145.309008,,,
21670,Central Goldfields,-37.006945,143.713676,,,
21750,Colac Otway,-38.451382,143.595405,,,
21830,Corangamite,-38.203401,143.199136,,,
21890,Darebin,-37.733437,145.014341,,,
22110,East Gippsland,-37.377932,148.290965,,,
22170,Frankston,-38.134580,145.173810,,,
22250,Gannawarra,-35.751558,143.803901,,,
22310,Glen Eira,-37.901189,145.042603,,,
22410,Glenelg,-37.869689,141.385196,,,
22490,Golden Plains,-37.881935,143.842154,,,
22620,Greater Bendigo,-36.734177,144.422559,,,
22670,Greater Dandenong,-38.005556,145.190009,,,
22750,Greater Geelong,-38.068724,144.417008,,,
22830,Greater Shepparton,-36.396911,145.386269,,,
22910,Hepburn,-37.316948,144.057565,,,
22980,Hindmarsh,-36.050608,141.752435,,,
23110,Hobsons Bay,-37.854707,144.829773,,,
23190,Horsham,-36.825366,142.090633,,,
23270,Hume,-37.589145,144.824501,,,
23350,Indigo,-36.225447,146.722484,,,
23430,Kingston,-37.988547,145.105065,,,
23670,Knox,-37.888958,145.258678,,,
23810,Latrobe,-38.274368,146.438274,,,
23940,Loddon,-36.363174,143.867316,,,
24130,Macedon Ranges,-37.335538,144.616556,,,
24210,Manningham,-37.761580,145.188580,,,
24250,Mansfield,-37.200041,146.206393,,,
24330,Maribyrnong,-37.795251,144.877778,,,
24410,Maroondah,-37.804855,145.265268,,,
24600,Melbourne,-37.810639,144.943772,,,
24650,Melton,-37.692943,144.625978,,,
25250,Merri-bek,-37.729898,144.948889,,,
24780,Mildura,-34.867616,141.683031,,,
24850,Mitchell,-37.137259,145.001546,,,
24900,Moira,-36.062086,145.549965,,,
24970,Monash,-37.897125,145.144036,,,
25060,Moonee Valley,-37.749483,144.895765,,,
25150,Moorabool,-37.632673,144.215677,,,
25340,Mornington Peninsula,-38.341631,145.035413,,,
25430,Mount Alexander,-37.050775,144.192880,,,
25490,Moyne,-38.122331,142.490205,,,
25620,Murrindindi,-37.310787,145.629951,,,
25710,Nillumbik,-37.622863,145.236837,,,
25810,Northern Grampians,-36.844257,142.920472,,,
25900,Port Phillip,-37.851893,144.966021,,,
25990,Pyrenees,-37.315687,143.374994,,,
26080,Queenscliffe,-38.264267,144.647729,,,
26170,South Gippsland,-38.620892,146.075406,,,
26260,Southern Grampians,-37.536055,142.032764,,,
26350,Stonnington,-37.857941,145.033655,,,
26430,Strathbogie,-36.760337,145.435102,,,
26490,Surf Coast,-38.312149,144.053214,,,
26610,Swan Hill,-35.119479,143.124451,,,
26670,Towong,-36.354035,147.598712,,,
26700,Wangaratta,-36.587351,146.428110,,,
26730,Warrnambool,-38.371424,142.511793,,,
26810,Wellington,-37.892033,146.919715,,,
26890,West Wimmera,-36.673061,141.278828,,,
26980,Whitehorse,-37.830234,145.155064,,,
27070,Whittlesea,-37.547135,145.077751,,,
27170,Wodonga,-36.150482,146.882581,,,
27260,Wyndham,-37.886614,144.618257,,,
27350,Yarra,-37.802265,144.998553,,,
27450,Yarra Ranges,-37.714296,145.697266,,,
27630,Yarriambiack,-35.987963,142.418359,,,
