lga_code,lga_name,affordability_pct,affordability_trend,seifa_irsd,school_count,offence_rate_per_100k,bulk_billing_rate,station_count
20110,Alpine,0.385,0.321,1027.6127,11,4196.871246551,0.947583333,0
20260,Ararat,0.69,0.1649999999999999,955.2148,12,13390.765053408,0.989916667,1
20570,Ballarat,0.744,0.311,985.7094,47,11695.167888803,0.967416667,2
20660,Banyule,0.022,-0.013,1057.6847,40,8647.272150077,0.788666667,9
20740,Bass Coast,0.349,0.2229999999999999,992.8285,14,8622.420642796,0.951083333,0
20830,Baw Baw,0.142,0.0299999999999999,1003.3215,35,8228.657786654,0.942666667,5
20910,Bayside,0.0,-0.003,1090.4066,26,5194.495141537,0.687916667,7
21010,Benalla,0.288,0.1479999999999999,968.4479,6,10557.262488267,0.91,1
21110,Boroondara,0.009,0.0039999999999999,1089.6164,52,5549.266705312,0.74025,14
21180,Brimbank,0.204,-0.076,912.4697,56,9437.794535767,0.957333333,8
21270,Buloke,0.9,-0.0999999999999999,975.049,9,4877.319616438,0.965583333,0
21370,Campaspe,0.299,-0.018,964.8686,22,10244.460275977,0.972166667,2
21450,Cardinia,0.05,-0.088,1020.956,41,7195.137969305,0.978666667,9
21610,Casey,0.027,-0.046,994.671,91,7425.913297655,0.978833333,6
21670,Central Goldfields,0.825,0.2179999999999999,897.5571,8,10449.926752395,0.991916667,2
21750,Colac Otway,0.354,0.248,972.5866,16,8656.811895241,0.917583333,0
21830,Corangamite,0.595,0.126,984.5904,13,6284.738770807,0.873,2
21890,Darebin,0.017,-0.022,1018.3424,40,10706.178409165,0.767666667,13
22110,East Gippsland,0.393,0.139,963.3117,32,13055.139969891,0.975,1
22170,Frankston,0.016,-0.031,1003.1363,38,11894.19257804,0.92,4
22250,Gannawarra,0.8,-0.1169999999999999,952.4122,11,8293.911563449,0.98825,1
22310,Glen Eira,0.012,0.003,1074.5926,33,4737.23415926,0.771666667,9
22410,Glenelg,0.554,0.13,952.2992,17,12431.338412828,0.9865,0
22490,Golden Plains,0.453,0.31,1039.9427,13,2987.999639755,0.94475,0
22620,Greater Bendigo,0.234,0.045,984.9621,48,9633.823921868,0.9825,8
22670,Greater Dandenong,0.021,-0.076,886.6579,39,13138.966325418,0.983,5
22750,Greater Geelong,0.215,0.126,1007.331,80,8641.130495633,0.8195,8
22830,Greater Shepparton,0.292,-0.006,944.0409,38,14954.764124696,0.9425,3
22910,Hepburn,0.262,0.082,1006.2513,13,4750.192248855,0.97975,2
22980,Hindmarsh,0.947,0.0379999999999999,940.1014,7,6724.390116451,0.992666667,0
23110,Hobsons Bay,0.029,-0.027,1020.6628,27,8123.369012717,0.880083333,10
23190,Horsham,0.467,-0.0279999999999999,990.0981,6,12946.819512062,0.987833333,0
23270,Hume,0.189,0.017,940.8164,67,8364.680569392,0.961166667,6
23350,Indigo,0.14,-0.0499999999999999,1029.4172,17,3341.087233231,0.847083333,1
23430,Kingston,0.012,-0.002,1044.2596,43,7320.498515435,0.855916667,12
23670,Knox,0.017,-0.012,1042.169,46,6423.897529923,0.926333333,4
23810,Latrobe,0.496,0.0939999999999999,930.8179,33,17839.891251699,0.984916667,3
23940,Loddon,0.429,-0.446,948.104,8,6652.320170907,0.981916667,2
24130,Macedon Ranges,0.046,0.019,1062.8089,27,4801.251262961,0.968833333,7
24210,Manningham,0.011,-0.003,1056.0811,28,3806.909439678,0.9095,0
24250,Mansfield,0.129,0.129,1027.6197,6,3664.368871297,0.6275,0
24330,Maribyrnong,0.017,-0.0289999999999999,1009.717,19,13078.072240557,0.867583333,6
24410,Maroondah,0.019,-0.005,1041.0267,32,7514.917754416,0.869,4
24600,Melbourne,0.011,0.002,1016.6848,20,23997.767543112,0.774416667,15
24650,Melton,0.587,0.1309999999999999,985.1879,46,7219.397673523,0.966666667,5
24780,Mildura,0.37,-0.097,940.0018,30,14115.887234634,0.91925,0
24850,Mitchell,0.783,0.246,999.5476,17,9406.06346624,0.980666667,7
24900,Moira,0.372,0.0409999999999999,958.2607,19,8887.169868521,0.955083333,0
24970,Monash,0.029,-0.004,1042.3084,49,7127.239987408,0.924333333,8
25060,Moonee Valley,0.016,-0.013,1040.7155,34,7876.16863939,0.811333333,6
25150,Moorabool,0.47,0.2339999999999999,1017.2339,18,8612.690457144,0.938083333,2
25250,Moreland,0.026,0.0019999999999999,1026.5305,43,7770.662002632,0.815583333,13
25340,Mornington Peninsula,0.015,-0.001,1037.5384,46,7088.897307473,0.819,8
25430,Mount Alexander,0.117,0.015,1007.453,14,6929.792138447,0.991166667,1
25490,Moyne,0.217,-0.054,1028.9786,12,4069.821616818,0.853666667,0
25620,Murrindindi,0.659,0.22,1004.6899,14,5638.570767575,0.946416667,0
25710,Nillumbik,0.084,-0.0079999999999999,1092.8736,26,3681.477578014,0.767916667,4
25810,Northern Grampians,0.511,-0.3169999999999999,951.3008,12,13475.101587762,0.98725,0
25900,Port Phillip,0.006,0.002,1061.0157,19,13835.268108672,0.63475,2
25990,Pyrenees,0.467,-0.1479999999999999,958.6909,9,6576.055030043,0.971583333,1
26080,Queenscliffe,0.0,0.0,1082.2432,3,2142.396280597,0.923363636,0
26170,South Gippsland,0.494,0.2249999999999999,1002.5887,22,8420.512805795,0.96725,0
26260,Southern Grampians,0.704,0.1949999999999999,993.7304,17,7661.92435477,0.971916667,0
26350,Stonnington,0.013,0.004,1084.476,22,12012.245784253,0.625166667,15
26430,Strathbogie,0.275,0.092,981.9918,8,5665.275698446,0.971083333,4
26490,Surf Coast,0.104,0.077,1086.197,13,3149.359455332,0.851166667,1
26610,Swan Hill,0.377,-0.2149999999999999,940.6168,13,11053.70916451,0.981,1
26670,Towong,0.667,0.267,1000.7691,10,3358.849524711,0.840166667,0
26700,Wangaratta,0.32,0.067,988.3513,21,9522.773136436,0.784583333,2
26730,Warrnambool,0.101,-0.0089999999999999,994.9478,14,10059.132964736,0.8745,2
26810,Wellington,0.44,0.152,972.9694,32,12111.140464753,0.974916667,3
26890,West Wimmera,1.0,0.0,991.0073,5,4681.200135944,0.975416667,0
26980,Whitehorse,0.016,-0.0069999999999999,1042.6975,44,6384.159477753,0.880666667,6
27070,Whittlesea,0.175,0.0449999999999999,989.6036,60,7048.424645566,0.964916667,9
27170,Wodonga,0.132,-0.039,973.074,14,9334.083662194,0.828666667,1
27260,Wyndham,0.489,0.012,1005.5163,68,7001.145237889,0.984583333,6
27350,Yarra,0.017,0.011,1045.7414,27,15435.614067765,0.703916667,9
27450,Yarra Ranges,0.031,0.009,1041.2497,74,5163.582456959,0.909333333,5
27630,Yarriambiack,1.0,0.0999999999999999,945.9261,11,8068.642236924,0.992666667,0
